Query execution time,CPU load,Memory usage,#Results,HTTP requests
Query 1 - 10 persons - probability 0.001
0.162,8.41,65.27,10,10
0.182,8.54,66.43,10,10
0.247,9.43,66.11,10,10
Query 1 - 10 persons - probability 0.01
0.180,9.67,65.78,10,10
0.190,13.36,66.54,10,10
0.158,12.34,66.14,10,10
Query 1 - 10 persons - probability 0.016
0.150,10.35,66.41,10,10
0.155,12.58,66.82,10,10
0.156,8.81,66.74,10,10
Query 1 - 100 persons - probability 0.001
0.856,11.62,104.64,100,100
0.955,11.04,103.28,100,100
0.954,10.24,104.57,100,100
Query 1 - 100 persons - probability 0.01
0.851,11.91,104.45,100,100
0.940,12.25,104.86,100,100
0.890,12.08,103.83,100,100
Query 1 - 100 persons - probability 0.016
0.799,12.20,103.85,100,100
0.793,11.56,104.01,100,100
1.084,10.78,104.34,100,100
Query 1 - 500 persons - probability 0.001
4.287,8.70,259.97,500,500
3.840,10.17,260.02,500,500
3.861,10.52,261.75,500,500
Query 1 - 500 persons - probability 0.01
3.794,10.92,260.15,500,500
3.677,11.26,260.42,500,500
4.092,10.21,257.68,500,500
Query 1 - 500 persons - probability 0.016
4.149,9.70,259.69,500,500
4.063,9.28,260.45,500,500
3.953,11.11,258.44,500,500
Query 1 - 1000 persons - probability 0.001
10.400,10.95,402.88,1000,1000
10.113,10.35,433.31,1000,1000
9.149,11.23,401.66,1000,1000
Query 1 - 1000 persons - probability 0.01
8.755,11.62,386.07,1000,1000
8.328,10.72,420.70,1000,1000
8.304,11.15,422.11,1000,1000
Query 1 - 1000 persons - probability 0.016
9.102,10.28,421.69,1000,1000
9.190,11.30,404.76,1000,1000
8.803,11.07,384.52,1000,1000
Query 1 - 2000 persons - probability 0.001
22.251,11.67,791.52,2000,2000
23.229,11.75,777.50,2000,2000
23.085,11.24,786.86,2000,2000
Query 1 - 2000 persons - probability 0.01
23.793,11.56,782.16,2000,2000
25.697,11.70,813.85,2000,2000
27.366,10.88,789.04,2000,2000
Query 1 - 2000 persons - probability 0.016
27.555,11.34,820.85,2000,2000
26.738,10.93,794.59,2000,2000
30.482,10.48,802.95,2000,2000
Query 1 - 3500 persons - probability 0.001
62.107,11.36,1253.09,3500,3500
59.875,11.45,1204.91,3500,3500
60.057,11.38,1367.09,3500,3500
Query 1 - 3500 persons - probability 0.01
60.214,11.55,1212.43,3500,3500
53.486,11.56,1371.03,3500,3500
53.695,11.79,1326.51,3500,3500
Query 1 - 3500 persons - probability 0.016
55.073,11.72,1373.79,3500,3500
53.213,11.79,1273.28,3500,3500
55.323,11.66,1375.04,3500,3500
Query 2 - 10 persons - probability 0.001
0.044,17.22,62.00,0,0
0.043,17.90,62.34,0,0
0.039,14.69,62.45,0,0
Query 2 - 10 persons - probability 0.01
0.043,13.35,62.17,0,0
0.042,13.35,62.31,0,0
0.041,9.52,62.41,0,0
Query 2 - 10 persons - probability 0.016
0.119,12.92,64.20,0,1
0.110,14.08,64.30,0,1
0.102,13.35,64.19,0,1
Query 2 - 100 persons - probability 0.001
0.164,11.89,65.25,0,3
0.167,10.49,65.22,0,3
0.166,14.00,64.59,0,3
Query 2 - 100 persons - probability 0.01
0.108,12.50,62.52,0,0
0.102,13.35,62.36,0,0
0.106,10.88,62.16,0,0
Query 2 - 100 persons - probability 0.016
0.177,12.08,67.45,0,5
0.181,11.81,67.84,0,5
0.174,13.43,68.01,0,5
Query 2 - 500 persons - probability 0.001
0.557,13.95,73.43,1,6
0.455,12.86,73.69,1,6
0.460,11.85,73.54,1,6
Query 2 - 500 persons - probability 0.01
0.610,12.46,77.17,1,14
0.600,14.93,76.77,1,14
0.545,12.55,77.36,1,14
Query 2 - 500 persons - probability 0.016
0.561,11.83,79.34,1,16
0.555,15.08,78.52,1,16
0.691,12.97,77.87,1,16
Query 2 - 1000 persons - probability 0.001
0.921,13.15,78.55,4,11
0.893,12.46,79.04,4,11
0.862,12.24,76.18,4,11
Query 2 - 1000 persons - probability 0.01
1.011,12.75,83.93,4,37
1.043,13.11,83.59,4,37
1.022,12.61,83.88,4,37
Query 2 - 1000 persons - probability 0.016
1.841,10.62,77.89,4,33
1.011,13.32,77.94,4,33
0.992,12.59,77.65,4,33
Query 2 - 2000 persons - probability 0.001
1.572,12.91,78.15,7,22
1.676,12.47,79.14,7,22
1.603,11.93,77.59,7,22
Query 2 - 2000 persons - probability 0.01
1.864,12.36,91.41,7,62
1.850,12.77,91.38,7,62
1.848,12.67,91.18,7,62
Query 2 - 2000 persons - probability 0.016
1.916,13.04,93.16,7,71
2.063,11.73,91.90,7,71
1.973,12.67,93.47,7,71
Query 2 - 3500 persons - probability 0.001
2.632,12.61,80.25,10,34
2.369,12.86,80.25,10,34
2.373,12.92,80.45,10,34
Query 2 - 3500 persons - probability 0.01
2.994,12.79,105.27,10,106
2.876,12.08,106.09,10,106
2.707,12.56,105.74,10,106
Query 2 - 3500 persons - probability 0.016
3.145,11.92,117.08,10,129
3.792,11.43,115.64,10,129
3.155,12.50,110.66,10,129
Query 3 - 10 persons - probability 0.001
0.118,9.96,64.20,4,4
0.114,12.06,64.21,4,4
0.118,11.44,64.48,4,4
Query 3 - 10 persons - probability 0.01
0.129,9.11,64.43,4,5
0.121,9.63,63.80,4,5
0.122,14.33,64.24,4,5
Query 3 - 10 persons - probability 0.016
0.112,10.49,64.12,4,4
0.136,8.64,64.24,4,4
0.109,8.94,64.65,4,4
Query 3 - 100 persons - probability 0.001
0.487,12.81,86.02,44,44
0.477,14.73,85.42,44,44
0.566,14.44,85.10,44,44
Query 3 - 100 persons - probability 0.01
0.461,14.37,84.01,44,45
0.493,11.08,85.27,44,45
0.449,13.92,86.48,44,45
Query 3 - 100 persons - probability 0.016
0.461,14.80,85.23,44,44
0.461,11.44,83.98,44,44
0.505,11.98,82.74,44,44
Query 3 - 500 persons - probability 0.001
1.969,11.31,132.60,217,217
2.173,11.77,131.85,217,217
1.767,11.05,134.95,217,217
Query 3 - 500 persons - probability 0.01
1.826,11.88,137.84,217,221
1.837,11.36,135.24,217,221
1.839,12.11,138.27,217,221
Query 3 - 500 persons - probability 0.016
1.775,12.88,137.35,217,220
1.881,12.97,134.09,217,220
1.779,11.30,135.49,217,220
Query 3 - 1000 persons - probability 0.001
4.151,11.99,199.02,423,423
3.668,9.80,202.78,423,423
3.677,10.41,200.71,423,423
Query 3 - 1000 persons - probability 0.01
3.577,10.98,200.23,423,428
3.598,10.75,201.06,423,428
3.620,10.68,207.75,423,428
Query 3 - 1000 persons - probability 0.016
3.687,11.45,204.52,423,431
4.229,10.95,210.95,423,431
4.054,10.50,206.57,423,431
Query 3 - 2000 persons - probability 0.001
7.596,10.70,334.44,853,853
7.395,10.88,338.70,853,853
8.624,10.89,331.25,853,853
Query 3 - 2000 persons - probability 0.01
7.879,10.73,336.70,853,861
7.822,10.61,338.93,853,861
7.844,10.53,335.80,853,861
Query 3 - 2000 persons - probability 0.016
7.877,11.23,342.35,853,868
7.957,10.92,340.92,853,868
8.696,10.89,337.18,853,868
Query 3 - 3500 persons - probability 0.001
14.580,11.24,571.99,1433,1433
14.818,10.86,567.99,1433,1433
14.441,11.32,567.35,1433,1433
Query 3 - 3500 persons - probability 0.01
15.314,11.55,573.75,1433,1448
14.765,10.58,578.77,1433,1448
14.582,10.96,576.63,1433,1448
Query 3 - 3500 persons - probability 0.016
14.799,11.05,574.88,1433,1458
16.238,10.15,577.17,1433,1458
14.443,11.60,576.25,1433,1458
Query 4 - 10 persons - probability 0.001
0.081,14.35,64.37,1,1
0.088,13.35,64.39,1,1
0.088,10.96,64.78,1,1
Query 4 - 10 persons - probability 0.01
0.081,24.23,64.30,1,1
0.085,9.01,64.13,1,1
0.081,12.04,64.50,1,1
Query 4 - 10 persons - probability 0.016
0.082,11.89,63.95,1,1
0.086,8.91,63.99,1,1
0.083,11.75,64.08,1,1
Query 4 - 100 persons - probability 0.001
0.205,11.46,68.59,8,8
0.260,12.02,68.81,8,8
0.196,10.97,68.75,8,8
Query 4 - 100 persons - probability 0.01
0.221,11.43,72.19,8,11
0.207,12.26,70.09,8,11
0.227,16.30,72.39,8,11
Query 4 - 100 persons - probability 0.016
0.246,12.70,72.53,8,12
0.239,10.57,72.64,8,12
0.224,12.11,73.04,8,12
Query 4 - 500 persons - probability 0.001
0.937,14.58,88.23,50,55
0.818,13.11,88.18,50,55
0.834,14.75,88.38,50,55
Query 4 - 500 persons - probability 0.01
0.990,12.80,91.93,50,65
0.843,12.96,91.50,50,65
0.913,13.03,91.82,50,65
Query 4 - 500 persons - probability 0.016
1.350,15.18,88.93,50,61
1.203,12.98,89.27,50,61
1.042,12.74,89.10,50,61
Query 4 - 1000 persons - probability 0.001
1.476,12.04,106.59,91,99
1.697,11.84,104.96,91,99
1.408,13.44,104.67,91,99
Query 4 - 1000 persons - probability 0.01
1.630,11.74,111.62,91,122
1.557,12.43,108.82,91,122
1.660,12.00,108.67,91,122
Query 4 - 1000 persons - probability 0.016
1.546,12.50,102.69,91,123
1.612,12.48,113.84,91,123
1.512,13.16,107.54,91,123
Query 4 - 2000 persons - probability 0.001
2.707,13.05,139.69,177,194
2.610,12.80,137.91,177,194
2.669,11.86,138.62,177,194
Query 4 - 2000 persons - probability 0.01
2.812,12.29,149.77,177,222
2.829,12.29,149.64,177,222
2.699,12.81,148.61,177,222
Query 4 - 2000 persons - probability 0.016
2.940,11.83,148.50,177,234
2.927,12.01,153.24,177,234
3.616,12.04,151.75,177,234
Query 4 - 3500 persons - probability 0.001
4.529,11.56,182.73,293,315
4.250,11.90,187.12,293,315
4.182,12.70,185.59,293,315
Query 4 - 3500 persons - probability 0.01
4.510,11.21,208.99,293,373
4.877,11.37,210.23,293,373
4.507,10.57,208.97,293,373
Query 4 - 3500 persons - probability 0.016
4.795,11.48,218.99,293,409
4.688,11.71,218.16,293,409
5.576,12.19,218.83,293,409
Query 5 - 10 persons - probability 0.001
0.081,16.62,64.77,0,3
0.084,13.66,64.39,0,3
0.067,11.40,64.40,0,3
Query 5 - 10 persons - probability 0.01
0.067,8.82,64.04,0,4
0.087,15.63,64.40,0,4
0.076,17.69,64.88,0,4
Query 5 - 10 persons - probability 0.016
0.140,12.50,64.98,0,4
0.101,7.67,65.16,0,4
0.094,12.37,64.74,0,4
Query 5 - 100 persons - probability 0.001
0.238,15.48,72.52,0,36
0.232,12.55,72.81,0,36
0.231,16.02,72.27,0,36
Query 5 - 100 persons - probability 0.01
0.190,13.35,72.47,0,36
0.191,12.17,72.34,0,38
0.194,13.97,73.12,0,38
Query 5 - 100 persons - probability 0.016
0.270,12.96,72.49,0,39
0.246,13.52,72.77,0,39
0.242,12.09,72.47,0,39
Query 5 - 500 persons - probability 0.001
3.211,12.41,163.02,1,225
2.811,11.32,162.96,1,225
3.563,11.29,163.41,1,225
Query 5 - 500 persons - probability 0.01
2.974,11.16,166.54,1,237
3.011,11.60,167.22,1,237
2.862,12.83,167.28,1,237
Query 5 - 500 persons - probability 0.016
2.803,11.50,167.15,1,233
2.760,11.88,166.24,1,233
2.792,11.89,165.75,1,233
Query 5 - 1000 persons - probability 0.001
6.745,11.93,257.14,4,466
6.818,10.97,256.86,4,466
6.596,11.79,256.28,4,466
Query 5 - 1000 persons - probability 0.01
6.548,11.51,255.79,4,503
6.575,11.38,268.06,4,503
6.466,12.20,269.04,4,503
Query 5 - 1000 persons - probability 0.016
6.279,12.23,254.18,4,493
6.215,11.03,266.69,4,493
6.887,11.86,266.97,4,493
Query 5 - 2000 persons - probability 0.001
15.022,11.74,447.52,7,980
14.462,11.57,431.59,7,980
14.289,11.77,441.88,7,980
Query 5 - 2000 persons - probability 0.01
15.735,11.19,459.49,7,1032
15.164,11.54,449.04,7,1032
14.796,11.71,453.66,7,1032
Query 5 - 2000 persons - probability 0.016
15.085,11.65,218.07,7,1035
15.407,11.53,225.58,7,1035
15.167,11.70,452.45,7,1035
Query 5 - 3500 persons - probability 0.001
30.927,11.67,736.46,10,1773
31.967,11.38,734.60,10,1773
31.945,11.36,738.01,10,1773
Query 5 - 3500 persons - probability 0.01
32.261,11.68,762.00,10,1866
35.075,11.58,759.23,10,1866
33.887,11.15,761.81,10,1866
Query 5 - 3500 persons - probability 0.016
34.627,11.49,781.85,10,1889
34.926,11.59,768.07,10,1889
34.064,11.42,776.22,10,1889
Query 6 - 10 persons - probability 0.001
0.076,10.23,64.28,0,7
0.074,13.34,64.41,0,7
0.097,13.92,64.93,0,7
Query 6 - 10 persons - probability 0.01
0.068,14.15,64.89,0,7
0.069,14.31,64.91,0,7
0.082,11.75,64.66,0,7
Query 6 - 10 persons - probability 0.016
0.072,16.32,64.58,0,7
0.068,11.58,64.52,0,7
0.067,26.31,64.28,0,7
Query 6 - 100 persons - probability 0.001
0.922,12.70,103.70,1,65
1.016,12.67,102.72,1,65
1.162,11.93,102.16,1,65
Query 6 - 100 persons - probability 0.01
0.961,12.79,100.47,1,67
1.010,12.19,102.93,1,67
0.913,12.19,103.25,1,67
Query 6 - 100 persons - probability 0.016
1.090,13.43,101.93,1,68
1.052,13.18,103.10,1,68
0.886,14.53,103.27,1,68
Query 6 - 500 persons - probability 0.001
5.721,11.57,181.24,7,304
5.639,11.95,179.87,7,304
5.798,11.86,180.79,7,304
Query 6 - 500 persons - probability 0.01
5.841,11.50,185.21,7,321
5.861,11.63,184.17,7,321
5.805,11.81,184.57,7,321
Query 6 - 500 persons - probability 0.016
6.721,12.32,188.96,7,336
6.660,11.52,188.93,7,336
5.875,11.87,189.32,7,336
Query 6 - 1000 persons - probability 0.001
16.575,11.79,254.54,14,593
16.800,11.83,261.54,14,593
18.193,12.13,260.04,14,593
Query 6 - 1000 persons - probability 0.01
17.341,12.01,278.24,14,629
16.881,11.75,289.56,14,629
17.814,11.64,273.78,14,629
Query 6 - 1000 persons - probability 0.016
17.517,11.83,289.43,14,669
17.309,11.63,180.96,14,669
17.790,11.90,286.22,14,669
Query 6 - 2000 persons - probability 0.001
66.465,11.96,513.93,32,1170
67.022,12.11,501.16,32,1170
60.806,12.23,472.75,32,1170
Query 6 - 2000 persons - probability 0.01
60.871,12.36,513.96,32,1238
60.562,12.24,535.11,32,1238
61.315,12.19,535.24,32,1238
Query 6 - 2000 persons - probability 0.016
60.722,12.18,555.66,32,1320
61.202,12.24,174.89,32,1320
60.798,12.20,548.42,32,1320
Query 6 - 3500 persons - probability 0.001
185.467,12.15,185.55,52,2012
190.014,12.28,184.46,52,2012
189.209,12.33,178.62,52,2012
Query 6 - 3500 persons - probability 0.01
190.718,12.32,229.40,52,2148
192.452,12.37,211.56,52,2148
192.600,12.39,214.59,52,2148
Query 6 - 3500 persons - probability 0.016
194.839,12.32,230.50,52,2300
180.704,12.30,223.66,52,2300
187.219,12.29,228.99,52,2300
Query 7 - 10 persons - probability 0.001
0.068,11.40,64.36,0,3
0.089,10.96,64.65,0,3
0.083,20.98,64.63,0,3
Query 7 - 10 persons - probability 0.01
0.072,13.18,64.86,0,3
0.068,14.34,64.52,0,3
0.070,16.37,64.49,0,3
Query 7 - 10 persons - probability 0.016
0.069,14.31,64.36,0,3
0.065,11.74,64.41,0,3
0.065,14.77,64.20,0,3
Query 7 - 100 persons - probability 0.001
0.616,12.36,86.46,1,25
0.650,12.00,86.34,1,25
0.515,14.39,85.77,1,25
Query 7 - 100 persons - probability 0.01
0.593,12.84,85.49,1,31
0.552,14.49,85.43,1,31
0.694,12.63,85.41,1,31
Query 7 - 100 persons - probability 0.016
0.801,13.64,85.33,1,31
0.754,13.20,85.93,1,31
0.660,14.16,85.68,1,31
Query 7 - 500 persons - probability 0.001
4.983,12.66,121.49,3,120
4.059,13.23,122.98,3,120
4.033,13.22,124.93,3,120
Query 7 - 500 persons - probability 0.01
6.306,12.85,129.44,3,146
5.517,11.65,129.50,3,146
4.234,12.68,130.62,3,146
Query 7 - 500 persons - probability 0.016
4.180,13.41,131.04,3,153
4.476,13.48,129.91,3,153
5.199,12.77,131.04,3,153
Query 7 - 1000 persons - probability 0.001
14.056,12.56,171.80,7,264
12.943,12.87,171.53,7,264
13.757,12.48,171.65,7,264
Query 7 - 1000 persons - probability 0.01
13.268,12.62,189.53,7,308
12.852,12.40,189.23,7,308
12.876,12.44,189.66,7,308
Query 7 - 1000 persons - probability 0.016
13.613,12.67,204.62,7,340
13.242,12.62,204.20,7,340
13.026,12.52,203.10,7,340
Query 7 - 2000 persons - probability 0.001
55.171,12.43,204.84,21,560
53.993,12.56,183.08,21,560
59.645,12.51,297.88,21,560
Query 7 - 2000 persons - probability 0.01
54.526,12.54,317.63,21,626
53.761,12.56,317.09,21,626
53.950,12.52,316.89,21,626
Query 7 - 2000 persons - probability 0.016
54.542,12.54,326.77,21,707
54.156,12.50,319.84,21,707
54.276,12.55,321.59,21,707
Query 7 - 3500 persons - probability 0.001
161.862,12.55,169.82,33,1034
161.254,12.51,170.80,33,1034
160.582,12.55,178.85,33,1034
Query 7 - 3500 persons - probability 0.01
160.202,12.53,199.50,33,1168
161.430,12.54,198.07,33,1168
162.049,12.55,197.43,33,1168
Query 7 - 3500 persons - probability 0.016
161.545,12.53,227.08,33,1310
160.708,12.54,203.55,33,1310
161.457,12.51,225.38,33,1310
Query 8 - 10 persons - probability 0.001
0.148,13.18,66.46,1,10
0.141,12.41,66.61,1,10
0.157,13.69,66.30,1,10
Query 8 - 10 persons - probability 0.01
0.153,11.52,67.05,1,10
0.142,13.64,66.31,1,10
0.152,12.75,66.73,1,10
Query 8 - 10 persons - probability 0.016
0.141,8.42,66.50,1,10
0.139,13.93,66.16,1,10
0.143,12.24,66.40,1,10
Query 8 - 100 persons - probability 0.001
0.734,12.50,105.00,1,100
0.714,12.59,105.31,1,100
0.733,14.12,104.55,1,100
Query 8 - 100 persons - probability 0.01
0.704,14.15,104.04,1,100
0.706,14.09,106.45,1,100
0.691,13.57,105.79,1,100
Query 8 - 100 persons - probability 0.016
0.701,14.48,105.73,1,100
0.805,14.55,105.60,1,100
0.710,14.84,104.52,1,100
Query 8 - 500 persons - probability 0.001
3.003,14.89,265.22,1,505
2.854,13.75,266.91,1,505
2.852,13.90,267.80,1,505
Query 8 - 500 persons - probability 0.01
3.016,13.33,267.95,1,510
3.496,11.73,268.50,1,510
2.891,12.70,266.30,1,510
Query 8 - 500 persons - probability 0.016
2.802,14.43,268.47,1,509
3.057,12.84,268.78,1,509
2.977,13.70,268.85,1,509
Query 8 - 1000 persons - probability 0.001
5.481,13.33,437.08,1,1009
5.421,13.04,416.14,1,1009
5.476,14.02,436.25,1,1009
Query 8 - 1000 persons - probability 0.01
5.547,13.77,439.99,1,1016
5.523,13.61,439.05,1,1016
5.787,13.40,426.61,1,1016
Query 8 - 1000 persons - probability 0.016
5.469,14.28,428.96,1,1016
5.482,13.82,429.41,1,1016
5.679,12.83,441.61,1,1016
Query 8 - 2000 persons - probability 0.001
10.463,13.53,824.95,1,2014
10.312,13.98,824.86,1,2014
10.099,13.09,443.75,1,2014
Query 8 - 2000 persons - probability 0.01
10.920,12.20,830.65,1,2023
10.125,12.96,835.37,1,2023
10.607,13.84,824.75,1,2023
Query 8 - 2000 persons - probability 0.016
10.294,14.25,836.26,1,2036
10.236,13.49,841.80,1,2036
11.113,14.16,841.99,1,2036
Query 8 - 3500 persons - probability 0.001
17.405,13.09,1310.71,1,3524
17.498,13.30,1292.84,1,3524
17.223,12.94,1299.41,1,3524
Query 8 - 3500 persons - probability 0.01
17.133,12.57,1292.02,1,3553
17.487,13.14,1296.09,1,3553
18.306,12.58,1301.50,1,3553
Query 8 - 3500 persons - probability 0.016
17.709,13.42,1305.80,1,3545
17.346,13.30,1299.20,1,3545
17.538,13.17,1304.23,1,3545
Query 9 - 10 persons - probability 0.001
0.135,11.57,66.47,12,9
0.136,15.69,66.58,12,9
0.139,12.59,66.28,12,9
Query 9 - 10 persons - probability 0.01
0.142,10.84,66.66,12,9
0.149,9.17,66.14,12,9
0.138,11.23,66.35,12,9
Query 9 - 10 persons - probability 0.016
0.230,14.39,66.58,12,9
0.140,16.67,66.73,12,9
0.133,12.97,65.91,12,9
Query 9 - 100 persons - probability 0.001
0.619,13.89,100.13,12,77
0.620,16.09,99.87,12,77
0.673,11.87,101.17,12,77
Query 9 - 100 persons - probability 0.01
0.648,14.18,99.43,12,77
0.672,14.21,100.92,12,77
0.650,13.83,99.89,12,77
Query 9 - 100 persons - probability 0.016
0.646,16.35,99.61,12,77
0.731,13.34,99.57,12,77
0.622,15.07,101.38,12,77
Query 9 - 500 persons - probability 0.001
2.737,11.56,254.50,12,410
2.638,13.25,254.44,12,410
2.742,13.74,253.76,12,410
Query 9 - 500 persons - probability 0.01
2.702,13.95,255.19,12,415
2.599,13.15,253.76,12,415
2.630,12.10,253.28,12,415
Query 9 - 500 persons - probability 0.016
2.731,13.01,254.51,12,416
2.622,14.15,254.39,12,416
2.802,14.14,255.90,12,416
Query 9 - 1000 persons - probability 0.001
5.166,13.54,392.99,12,806
5.500,13.53,389.20,12,806
4.914,14.23,385.36,12,806
Query 9 - 1000 persons - probability 0.01
4.995,13.96,390.41,12,812
4.917,13.90,385.01,12,812
4.865,14.17,397.69,12,812
Query 9 - 1000 persons - probability 0.016
4.908,13.21,389.75,12,818
4.939,13.76,392.55,12,818
4.942,13.59,390.42,12,818
Query 9 - 2000 persons - probability 0.001
9.213,13.84,785.27,12,1612
10.232,13.28,788.35,12,1612
9.206,13.56,782.56,12,1612
Query 9 - 2000 persons - probability 0.01
9.141,14.53,776.63,12,1622
9.156,14.50,780.59,12,1622
9.168,13.57,782.18,12,1622
Query 9 - 2000 persons - probability 0.016
9.121,13.17,803.75,12,1641
9.791,14.48,796.45,12,1641
9.247,13.49,792.07,12,1641
Query 9 - 3500 persons - probability 0.001
15.080,13.02,1238.70,12,2802
15.775,13.31,1233.16,12,2802
16.146,12.84,1212.66,12,2802
Query 9 - 3500 persons - probability 0.01
15.171,13.49,1228.86,12,2833
15.275,12.88,1236.96,12,2833
15.297,13.16,1234.22,12,2833
Query 9 - 3500 persons - probability 0.016
15.703,13.61,1236.46,12,2833
15.262,13.58,1222.98,12,2833
15.514,13.66,1231.01,12,2833
Query 10 - 10 persons - probability 0.001
0.070,13.91,64.00,0,9
0.065,11.93,63.83,0,9
0.067,17.28,63.66,0,9
Query 10 - 10 persons - probability 0.01
0.070,13.73,63.96,0,9
0.068,17.21,64.14,0,9
0.071,13.37,64.19,0,9
Query 10 - 10 persons - probability 0.016
0.102,13.23,64.50,0,9
0.101,11.52,64.85,0,9
0.109,7.22,64.59,0,9
Query 10 - 100 persons - probability 0.001
0.621,12.28,101.04,0,79
0.500,10.90,78.53,0,79
0.464,12.20,78.39,0,79
Query 10 - 100 persons - probability 0.01
0.203,14.34,71.83,0,77
0.203,19.21,71.48,0,77
0.203,14.27,73.97,0,77
Query 10 - 100 persons - probability 0.016
0.422,10.17,77.75,0,79
0.439,10.71,78.23,0,79
0.634,15.69,99.84,0,79
Query 10 - 500 persons - probability 0.001
2.665,12.81,255.70,25,414
2.833,13.44,255.51,25,414
2.859,14.07,255.98,25,414
Query 10 - 500 persons - probability 0.01
2.650,13.19,260.14,25,426
2.672,13.45,258.85,25,426
2.739,13.54,259.80,25,426
Query 10 - 500 persons - probability 0.016
2.580,14.31,256.60,25,421
2.613,14.95,256.39,25,421
2.712,13.54,257.83,25,421
Query 10 - 1000 persons - probability 0.001
6.181,13.84,403.63,38,814
6.138,14.16,393.72,38,814
6.579,13.36,394.73,38,814
Query 10 - 1000 persons - probability 0.01
6.186,12.95,403.00,38,848
6.247,13.60,400.13,38,848
6.441,13.37,426.20,38,848
Query 10 - 1000 persons - probability 0.016
6.216,13.07,400.48,38,838
6.202,13.10,397.68,38,838
6.199,13.61,395.93,38,838
Query 10 - 2000 persons - probability 0.001
14.256,13.47,794.00,76,1636
14.453,12.78,277.25,76,1636
14.554,13.27,789.31,76,1636
Query 10 - 2000 persons - probability 0.01
14.187,13.82,811.14,76,1687
14.736,13.98,806.00,76,1687
14.044,13.50,803.30,76,1687
Query 10 - 2000 persons - probability 0.016
14.643,13.32,758.68,76,1685
14.106,13.85,813.19,76,1685
14.439,13.92,806.18,76,1685
Query 10 - 3500 persons - probability 0.001
27.573,12.87,1235.18,115,2840
28.646,13.02,1239.63,115,2840
28.125,12.76,1238.25,115,2840
Query 10 - 3500 persons - probability 0.01
29.224,12.82,1267.64,115,2931
28.532,12.75,1255.88,115,2931
29.469,12.82,1272.26,115,2931
Query 10 - 3500 persons - probability 0.016
28.613,12.73,1276.55,115,2936
29.033,13.16,1270.66,115,2936
28.460,12.56,1323.07,115,2936
Query 11 - 10 persons - probability 0.001
0.149,15.67,64.52,0,10
0.120,9.71,64.70,0,10
0.085,11.34,64.57,0,10
Query 11 - 10 persons - probability 0.01
0.078,17.63,65.24,0,10
0.076,23.19,64.78,0,10
0.078,14.87,64.65,0,10
Query 11 - 10 persons - probability 0.016
0.117,14.96,64.95,0,10
0.127,10.74,63.10,0,10
0.117,11.75,65.30,0,10
Query 11 - 100 persons - probability 0.001
0.362,11.88,74.58,0,100
0.338,14.38,74.45,0,100
0.326,12.50,74.80,0,100
Query 11 - 100 persons - probability 0.01
0.276,13.40,73.99,0,100
0.331,14.72,73.93,0,100
0.283,13.07,73.93,0,100
Query 11 - 100 persons - probability 0.016
0.419,12.59,74.84,0,100
0.350,15.03,74.04,0,100
0.342,15.93,74.14,0,100
Query 11 - 500 persons - probability 0.001
4.942,14.03,329.62,1,726
4.751,13.32,321.80,1,726
4.698,13.18,319.06,1,726
Query 11 - 500 persons - probability 0.01
4.809,14.54,324.09,1,738
4.714,14.00,328.39,1,738
4.653,14.48,363.41,1,738
Query 11 - 500 persons - probability 0.016
4.639,13.69,325.75,1,733
4.727,13.76,328.67,1,733
4.683,13.63,326.21,1,733
Query 11 - 1000 persons - probability 0.001
13.178,13.89,612.34,4,1471
12.778,13.22,612.75,4,1471
12.605,13.03,613.87,4,1471
Query 11 - 1000 persons - probability 0.01
12.693,13.34,632.05,4,1507
13.136,12.85,632.05,4,1507
12.737,13.69,633.25,4,1507
Query 11 - 1000 persons - probability 0.016
12.671,13.50,633.36,4,1496
12.920,13.44,629.54,4,1496
12.686,12.93,629.82,4,1496
Query 11 - 2000 persons - probability 0.001
33.810,12.82,1103.71,7,2985
33.746,12.72,1092.73,7,2985
34.034,12.68,1101.51,7,2985
Query 11 - 2000 persons - probability 0.01
34.281,12.69,1116.48,7,3040
33.687,12.80,1119.99,7,3040
34.101,12.72,1120.75,7,3040
Query 11 - 2000 persons - probability 0.016
33.804,12.72,1123.32,7,3038
33.431,12.92,1112.56,7,3038
34.167,12.87,1123.21,7,3038
Query 11 - 3500 persons - probability 0.001
73.490,12.64,1997.09,10,5280
73.148,12.54,1989.55,10,5280
73.454,12.89,1988.09,10,5280
Query 11 - 3500 persons - probability 0.01
73.697,12.61,1990.98,10,5383
73.703,12.64,2003.21,10,5383
73.250,12.67,2009.03,10,5383
Query 11 - 3500 persons - probability 0.016
73.589,12.75,2037.58,10,5395
74.056,12.59,2037.68,10,5395
73.071,12.65,2040.71,10,5395
Query 12 - 10 persons - probability 0.001
0.101,13.74,64.41,0,1
0.082,14.18,64.46,0,1
0.072,18.84,64.50,0,1
Query 12 - 10 persons - probability 0.01
0.069,14.13,64.43,0,1
0.064,12.12,64.74,0,1
0.062,15.73,64.58,0,1
Query 12 - 10 persons - probability 0.016
0.075,12.83,64.35,0,1
0.156,13.69,64.65,0,1
0.069,13.93,64.75,0,1
Query 12 - 100 persons - probability 0.001
0.415,12.74,74.11,0,8
0.444,13.17,73.91,0,8
0.402,12.62,73.67,0,8
Query 12 - 100 persons - probability 0.01
0.429,14.16,78.10,0,12
0.455,12.86,77.45,0,12
0.486,13.60,77.32,0,12
Query 12 - 100 persons - probability 0.016
0.453,12.91,77.86,0,18
0.462,13.53,77.40,0,18
0.451,12.11,77.61,0,18
Query 12 - 500 persons - probability 0.001
3.687,13.29,86.92,1,33
3.649,12.74,86.55,1,33
3.788,13.20,85.50,1,33
Query 12 - 500 persons - probability 0.01
3.786,13.31,92.14,1,52
3.597,12.76,92.40,1,52
3.621,13.37,91.93,1,52
Query 12 - 500 persons - probability 0.016
3.620,13.16,92.86,1,59
3.608,13.31,92.21,1,59
3.655,13.20,91.98,1,59
Query 12 - 1000 persons - probability 0.001
11.920,12.81,104.52,2,77
11.932,12.77,105.14,2,77
12.593,12.77,103.69,2,77
Query 12 - 1000 persons - probability 0.01
11.913,12.57,115.57,2,106
11.999,12.71,114.62,2,106
11.935,12.78,116.45,2,106
Query 12 - 1000 persons - probability 0.016
12.279,12.57,115.48,2,124
12.472,12.65,116.05,2,124
12.096,12.67,118.23,2,124
Query 12 - 2000 persons - probability 0.001
52.463,12.58,142.51,3,161
52.085,12.54,143.00,3,161
52.464,12.53,142.56,3,161
Query 12 - 2000 persons - probability 0.01
51.914,12.60,155.96,3,210
52.034,12.61,157.38,3,210
52.466,12.58,157.10,3,210
Query 12 - 2000 persons - probability 0.016
52.968,12.49,175.64,3,269
52.274,12.50,175.39,3,269
54.691,12.53,176.13,3,269
Query 12 - 3500 persons - probability 0.001
158.020,12.51,193.88,3,283
156.429,12.52,194.39,3,283
156.568,12.52,194.36,3,283
Query 12 - 3500 persons - probability 0.01
157.807,12.49,221.90,3,369
157.058,12.52,223.54,3,369
158.770,12.51,222.89,3,369
Query 12 - 3500 persons - probability 0.016
157.807,12.52,169.96,3,479
160.369,12.53,170.70,3,479
158.687,12.51,226.48,3,479
Query 13 - 10 persons - probability 0.001
0.266,12.45,73.48,1,20
0.241,10.54,73.86,1,20
0.235,14.04,74.18,1,20
Query 13 - 10 persons - probability 0.01
0.245,11.94,73.78,1,20
0.237,10.66,73.66,1,20
0.234,9.99,73.90,1,20
Query 13 - 10 persons - probability 0.016
0.232,15.19,73.57,1,20
0.235,13.19,73.73,1,20
0.234,9.15,73.50,1,20
Query 13 - 100 persons - probability 0.001
1.929,13.05,112.97,1,300
1.782,13.37,113.93,1,300
1.851,14.46,112.39,1,300
Query 13 - 100 persons - probability 0.01
1.851,13.83,113.50,1,303
1.785,13.34,115.81,1,303
1.794,12.52,114.50,1,303
Query 13 - 100 persons - probability 0.016
1.517,14.03,111.68,1,200
1.490,13.75,110.51,1,200
1.547,16.78,110.21,1,200
Query 13 - 500 persons - probability 0.001
7.856,12.56,173.00,1,1311
6.897,12.57,297.25,1,1311
6.723,12.63,299.64,1,1311
Query 13 - 500 persons - probability 0.01
6.856,13.05,298.59,1,1323
6.675,12.46,297.70,1,1323
6.808,12.68,279.50,1,1323
Query 13 - 500 persons - probability 0.016
6.773,12.51,300.71,1,1314
6.799,13.33,298.04,1,1314
7.248,12.61,296.52,1,1314
Query 13 - 1000 persons - probability 0.001
12.105,12.21,515.80,1,2408
11.637,12.94,522.75,1,2408
11.841,12.67,515.19,1,2408
Query 13 - 1000 persons - probability 0.01
11.817,12.10,525.62,1,2430
12.248,12.29,517.05,1,2430
11.952,12.11,522.61,1,2430
Query 13 - 1000 persons - probability 0.016
12.486,11.81,519.64,1,2407
11.880,12.11,516.12,1,2407
12.301,12.15,519.46,1,2407
Query 13 - 2000 persons - probability 0.001
20.731,12.52,869.65,1,4113
19.962,12.67,847.04,1,4113
20.807,12.53,863.73,1,4113
Query 13 - 2000 persons - probability 0.01
20.786,12.12,841.78,1,4156
20.419,12.34,835.67,1,4156
20.982,11.72,842.02,1,4156
Query 13 - 2000 persons - probability 0.016
20.492,12.28,844.89,1,4131
20.087,12.50,871.39,1,4131
20.483,12.56,857.88,1,4131
Query 13 - 3500 persons - probability 0.001
30.459,11.91,1523.13,1,6029
31.229,12.20,1508.16,1,6029
30.464,11.73,1508.88,1,6029
Query 13 - 3500 persons - probability 0.01
31.744,12.08,1546.06,1,6108
31.089,12.20,1519.81,1,6108
30.935,12.15,1465.57,1,6108
Query 13 - 3500 persons - probability 0.016
31.087,12.35,1507.66,1,6038
30.394,12.13,1527.88,1,6038
30.891,12.22,1520.04,1,6038
Query 14 - 10 persons - probability 0.001
0.097,17.98,63.88,0,20
0.093,12.50,63.77,0,20
0.093,14.49,64.36,0,20
Query 14 - 10 persons - probability 0.01
0.090,17.03,63.90,0,20
0.098,9.97,63.77,0,20
0.119,13.24,63.67,0,20
Query 14 - 10 persons - probability 0.016
0.174,13.51,64.39,0,20
0.150,11.67,64.41,0,20
0.142,13.73,64.36,0,20
Query 14 - 100 persons - probability 0.001
1.019,8.62,79.07,0,198
0.863,9.95,78.79,0,198
1.022,13.75,110.91,0,198
Query 14 - 100 persons - probability 0.01
0.448,15.67,76.41,0,198
0.442,15.01,75.84,0,198
0.445,15.33,75.88,0,198
Query 14 - 100 persons - probability 0.016
1.137,13.21,108.95,0,198
1.015,12.71,103.77,0,198
1.040,12.57,103.89,0,198
Query 14 - 500 persons - probability 0.001
6.850,12.06,308.85,1,1310
6.739,12.93,290.59,1,1310
6.791,12.62,301.61,1,1310
Query 14 - 500 persons - probability 0.01
7.361,12.39,290.19,1,1329
6.953,12.28,301.89,1,1329
6.826,12.50,302.54,1,1329
Query 14 - 500 persons - probability 0.016
6.775,12.34,295.43,1,1314
6.754,12.58,294.07,1,1314
6.789,12.60,317.03,1,1314
Query 14 - 1000 persons - probability 0.001
22.879,12.14,684.33,4,4498
22.441,12.34,686.16,4,4498
21.819,12.07,681.70,4,4498
Query 14 - 1000 persons - probability 0.01
23.077,12.38,705.50,4,4566
22.596,12.33,699.78,4,4566
23.289,12.24,701.07,4,4566
Query 14 - 1000 persons - probability 0.016
22.048,12.17,695.19,4,4506
22.049,12.37,694.55,4,4506
22.709,11.79,699.43,4,4506
Query 14 - 2000 persons - probability 0.001
89.796,8.25,307.82,7,10455
75.199,9.26,281.68,7,10455
77.091,8.97,266.08,7,10455
Query 14 - 2000 persons - probability 0.01
74.751,8.93,423.14,7,10575
72.224,9.36,1415.26,7,10575
75.499,8.86,441.34,7,10575
Query 14 - 2000 persons - probability 0.016
74.347,9.12,405.53,7,10436
75.039,9.04,418.50,7,10436
74.753,9.29,322.22,7,10436
Query 14 - 3500 persons - probability 0.001
154.481,8.79,450.90,10,17480
135.609,9.59,191.20,10,17480
136.301,9.38,247.10,10,17480
Query 14 - 3500 persons - probability 0.01
138.829,9.14,471.33,10,17833
135.897,9.38,271.77,10,17833
147.018,9.05,275.87,10,17833
Query 14 - 3500 persons - probability 0.016
135.461,9.52,417.88,10,17327
133.981,9.39,625.28,10,17327
134.861,9.31,477.92,10,17327
Query 15 - 10 persons - probability 0.001
0.087,13.51,63.81,0,10
0.088,8.57,64.29,0,10
0.087,9.05,63.87,0,10
Query 15 - 10 persons - probability 0.01
0.127,10.83,64.38,0,11
0.124,12.60,64.23,0,11
0.122,15.96,64.02,0,11
Query 15 - 10 persons - probability 0.016
0.089,17.36,64.09,0,10
0.086,15.66,63.69,0,10
0.087,17.76,64.17,0,10
Query 15 - 100 persons - probability 0.001
0.680,11.18,77.65,0,101
0.793,11.08,78.28,0,101
0.740,11.88,77.29,0,101
Query 15 - 100 persons - probability 0.01
0.815,12.45,76.84,0,103
0.743,11.31,77.12,0,103
0.689,11.90,77.36,0,103
Query 15 - 100 persons - probability 0.016
0.422,12.97,75.37,0,100
0.431,15.86,75.74,0,100
0.427,14.14,75.84,0,100
Query 15 - 500 persons - probability 0.001
3.561,8.94,98.63,0,1007
3.373,9.37,98.29,0,1007
3.399,10.00,102.62,0,1007
Query 15 - 500 persons - probability 0.01
3.536,10.44,106.12,0,1016
3.442,9.37,98.42,0,1016
3.403,10.45,102.36,0,1016
Query 15 - 500 persons - probability 0.016
3.264,9.75,98.14,0,1001
3.318,10.71,99.06,0,1001
3.397,9.78,102.56,0,1001
Query 15 - 1000 persons - probability 0.001
15.430,13.70,429.52,1,3014
14.808,13.95,423.54,1,3014
14.508,14.06,426.93,1,3014
Query 15 - 1000 persons - probability 0.01
14.848,13.68,1052.23,1,3034
15.529,13.55,428.74,1,3034
14.843,13.75,1056.63,1,3034
Query 15 - 1000 persons - probability 0.016
14.685,13.51,451.33,1,3014
15.363,12.93,428.75,1,3014
15.580,13.83,761.24,1,3014
Query 15 - 2000 persons - probability 0.001
28.996,13.16,847.34,2,6020
29.765,13.29,1153.48,2,6020
29.159,13.54,1091.48,2,6020
Query 15 - 2000 persons - probability 0.01
29.565,12.75,2297.16,2,6058
30.018,13.10,1168.38,2,6058
29.922,12.81,841.61,2,6058
Query 15 - 2000 persons - probability 0.016
30.023,12.99,1105.54,2,6035
30.760,13.19,1128.31,2,6035
30.204,12.68,2292.19,2,6035
Query 15 - 3500 persons - probability 0.001
52.817,12.72,2812.72,2,10526
51.467,12.80,2856.98,2,10526
51.219,13.36,2822.13,2,10526
Query 15 - 3500 persons - probability 0.01
51.466,13.21,2823.05,2,10580
51.810,13.10,2865.37,2,10580
51.596,12.96,2846.95,2,10580
Query 15 - 3500 persons - probability 0.016
51.044,13.12,2817.75,2,10553
51.442,13.05,2822.36,2,10553
51.364,13.02,2912.65,2,10553
